PRODUTO;PRE�O
Blusa Dryfit; 35 
Blusa Dryfit Grid; 35 
Blusão Tule; 35 
Cropped Tule; 30 
Conj Top Clara Bolso Aveludado; 105 
Conj Top Elo� Bolso Aveludado; 95 
Conj Top Luara Bolso Aveludado; 95 
Conj Top Ellen Case Aveludado; 85 
Conj Top Dora Jacquard Zebra ; 85 
Conj Top Ranny Jacquard Zebra; 75 
Conj Top Americano Canelado; 75 
Conj Top Americano Suplex; 75 
Conj Top Americano Jacquard Vulc�o; 75 
Conj Top Andressa Aveludado; 75 
Conj Top Anne Aveludado Plus; 90 
Conj Top Bia Aveludado Plus; 90 
Conj Top Carla Suplex; 80 
Conj Top Carol Canelado; 75 
Conj Top Carol Suplex; 65 
Conj Top Cris Aveludado; 75 
Conj Top Gabi Aveludado; 75 
Conj Top Iara Aveludado; 75 
Conj Top Isa Aveludado; 75 
Conj Top Isa Pratine; 75 
Conj Top Jaqueline Aveludado; 75 
Conj Top Jaqueline Suplex; 65 
Conj Top Jessica Jacquard Ondinha; 90 
Conj Top Juliana Jacquard Chevry; 75 
Conj Top Kelly Aveludado Plus; 90 
Conj Top La�s Aveludado; 90 
Conj Top Lia Canelado; 75 
Conj Top Lia Aveludado; 75 
Conj Top Liss Aveludado; 75 
Conj Top Liss Jacquard; 75 
Conj Top Liss Jacquard Plus; 90 
Conj Top Liss Suplex; 65 
Conj Top Lua Jacquard Zig; 75 
Conj Top Luiza Aveludado; 75 
Conj Top Luiza Jacquard Ondinha; 75 
Conj Top Luiza Jacquard Vulc�o; 75 
Conj Top Luiza Aveludado Plus; 90 
Conj Top Luiza Suplex; 65 
Conj Top Marta Aveludado; 75 
Conj Top Marta Pratine; 75 
Conj Top Marta Suplex; 65 
Conj Top Mili Suplex; 65 
Conj Top Nanda Jacquard Isla; 90 
Conj Top Ranny Aveludado; 75 
Conj Top Serena Aveludado; 75 
Conj Top Serena Jacquard Chevry; 75 
Conj Top Sofia Aveludado; 75 
Conj Top Sol Jacquard Chevry; 75 
Conj Top Sol Jacquard Zig; 75 
Conj Top Sol Suplex; 65 
Conj Top Tati Aveludado Plus; 90 
Conj Top Tati Suplex; 80 
Conj Top Valqu�ria Aveludado Plus; 90 
Conj Top Vit�ria Jacquard Spot; 75 
Conj Top Vivi Jacquard Degrade; 90 
Conj Top Juliana Core Bicolor Aveludado; 85 
Conj Top Juliana Cruzada Jacquard Felina; 80 
Conj Top Juliana Cruzada Jacquard Zig; 75 
Conj Top Luara Empina Aveludado; 75 
Conj Top Alana Fang Bicolor Aveludado; 95 
Conj Top L�via La�o Aveludado; 75 
Conj Top K�tia Move Aveludado; 95 
Conj Top K�tia Move Bicolor Aveludado Plus; 105 
Conj Top Aline Bicolor Aveludado; 85 
Conj Top Camila Recorte Pratine; 80 
Conj Top V�nus Recorte Jacquard Zebra ; 85 
Macac�o Amanda Aveludado; 95 
Macaquinho Bruna Aveludado; 80 
Macaquinho Manu Jacquard Ondinha; 70 
Regata Dryfit; 35 
Regata Dryfit Fenda Nas Costas; 35 
Regat�o Dryfit; 35 
Conj Top Renata Short Jacquard Atol; 80 
Conj Top Carol Short Bolso Aveludado; 70 
Conj Top Carol Short Bolso Pratine; 65 
Conj Top Cris Short Bolso Aveludado Plus; 85 
Conj Top Jessica Short Bolso Aveludado; 85 
Conj Top Si Suplex Short Bolso Suplex; 70 
Conj Top Adele Short Bolso Meia-Lua Aveludado; 70 
Conj Top Anita Short Bolso Meia-Lua Aveludado; 70 
Conj Top Ellen Short Case Aveludado; 70 
Conj Top Cris Short Jacquard; 70 
Conj Top Kelly Short Aveludado; 80 
Conj Top Nath Short Aveludado; 70 
Conj Top Sofia Short Jacquard Zig; 65 
Conj Top Tati Short Aveludado Plus; 80 
Conj Top Meg Short Cruzado Aveludado; 70 
Conj Top Kim Short Layer Suplex; 75 
Conj Top Bella Short Recorte Suplex; 60 
Conj Top Cris Short Recorte Aveludado; 70 
Conj Top Isa Short Recorte Pratine; 65 
Conj Top Jaqueline Short Recorte Aveludado; 70 
Conj Top Lia Short Recorte Aveludado; 70 
Conj Top Lia Short Recorte Jacquard Ondinha; 65 
Conj Top Malu Short Recorte Aveludado; 70 
Conj Top Meg Short Recorte Aveludado; 70 
Conj Top Mia Short Recorte Aveludado; 70 
Conj Top Si Short Recorte Suplex; 70 
Conj Top Mili Short Saia; 65 
Conj Top Tha�s Short Snip Aveludado; 85 
Conj Top Luara Short-Saia Suplex; 75 
Conj Top Ranny Bicolor Canelado; 75 
Conj Top Liss Suplex Plus; 80 
Conj Top Americano Aveludado; 75 
Conj Top Juliana Bicolor Aveludado; 90 
Regata Tule; 30 
Macaquinho Manu Aveludado; 80 
Macaquinho Camila Aveludado; 80 
Conj Top Kelly Bicolor Aveludado Plus; 105 
Conj Top Gabi Short Recorte Aveludado; 70 
Conj Top Dora Loop Bicolor Aveludado; 90 
Conj Top Venus Recorte Bicolor Aveludado; 90 
Conj Top Leticia Short Jenny Bicolor Aveludado; 85 
Legging Move Bicolor Aveludado Avulso; 30 
Conj Top Cris Short Recorte Jacquard Zebra; 65 
Conj Top Si Short Fang Bicolor Aveludado; 85 
Conj Top Kim Bicolor Aveludado; 90 
Top Carol Aveludado Avulso; 25 
Short Bolso Aveludado Avulso; 30 
Top Luara Aveludado Avulso; 25 
Short Jacquard Felina Avulso; 30 
Short Jacquard Atol Avulso; 30 
Short Trilobal Avulso; 30 
Short Recorte Aveludado Avulso; 30 
Top Ranny Aveludado Avulso; 25 
Legging Jacquard Vulc�o Avulsa; 30 
Legging Jacquard Isla Avulsa; 35 
Legging Jacquard Canelado Avulsa; 35 
Legging Recorte Trilobal Bicolor Avulsa; 30 
Legging Trilobal Avulsa; 30 
Legging Suplex Avulsa; 30 
Legging La�o Aveludado Avulsa; 35 
Top Cris Aveludado Avulsa; 25 
Top Bella Suplex Avulso; 25 
Top Venus Jacquard Zebra Avulso; 25 
Top Sol Jacquard Zig Avulso; 25 
Top Isa Trilobal Bicolor Avulso; 25 
Top Isa Trilobal Avulso; 25 
Top Lua Jacquard Zig Avulso; 25 
Top Juliana Jacquard Felina Avulso; 25 
Top Tati Suplex Plus Avulso; 25 
Top Carla Suplex Plus Avulso; 25 
Top Carol Suplex Avulso; 25 
Top Luara Suplex Avulso; 25 
Top Si Suplex Avulso; 25 
Top Isa Aveludado Avulso; 25 
Top Jaqueline Aveludado Avulso; 25 
Top Luiza Aveludado Avulso; 25 
Top Marta Aveludado Avulso; 25 
Top L�via Aveludado Avulso; 25 
Top Sofia Aveludado Avulso; 25 
Top Thais Recorte Aveludado Avulso; 25 
Top Jessica Aveludado Avulso; 25 
Legging Aveludado Avulso; 35 
Top Luiza Suplex Avulsa; 25 
Top Andressa Aveludado Avulsa; 25 
Conj Top Cris Bicolor Aveludado Plus; 95 
Conj Top Luiza Bicolor Aveludado Plus; 95 
Conj Top Aline Slim Aveludado; 90 
Conj Top Juliete Suplex; 65 
Conj Top Luara Short Cross Suplex; 60 
Conj Top Lua Suplex; 65 
Conj Top Rafa Bicolor Aveludado; 90 
Conj Top Kim Short Smart Suplex; 75 
Conj Top Liss Jacquard Spot; 75 
Conj Top Cris Short Recorte Jacquard Spot; 70 
Conj Top Sofia Short Aveludado; 70 
Conj Top Kelly Short Aveludado Plus; 80 
Conj Top Nath Short Jacquard Zig; 65 
Conj Top Americano Recorte Suplex; 80 
