PRODUTO;PREÇO
Blusa Dryfit; R$ 35,00 
Blusa Dryfit Grid; R$ 35,00 
Blusão Tule; R$ 35,00 
Cropped Tule; R$ 30,00 
Conj Top Clara Bolso Aveludado; R$ 105,00 
Conj Top Eloá Bolso Aveludado; R$ 95,00 
Conj Top Luara Bolso Aveludado; R$ 95,00 
Conj Top Ellen Case Aveludado; R$ 85,00 
Conj Top Dora Jacquard Zebra ; R$ 85,00 
Conj Top Ranny Jacquard Zebra; R$ 75,00 
Conj Top Americano Canelado; R$ 75,00 
Conj Top Americano Suplex; R$ 75,00 
Conj Top Americano Jacquard Vulcão; R$ 75,00 
Conj Top Andressa Aveludado; R$ 75,00 
Conj Top Anne Aveludado Plus; R$ 90,00 
Conj Top Bia Aveludado Plus; R$ 90,00 
Conj Top Carla Suplex; R$ 80,00 
Conj Top Carol Canelado; R$ 75,00 
Conj Top Carol Suplex; R$ 65,00 
Conj Top Cris Aveludado; R$ 75,00 
Conj Top Gabi Aveludado; R$ 75,00 
Conj Top Iara Aveludado; R$ 75,00 
Conj Top Isa Aveludado; R$ 75,00 
Conj Top Isa Pratine; R$ 75,00 
Conj Top Jaqueline Aveludado; R$ 75,00 
Conj Top Jaqueline Suplex; R$ 65,00 
Conj Top Jessica Jacquard Ondinha; R$ 90,00 
Conj Top Juliana Jacquard Chevry; R$ 75,00 
Conj Top Kelly Aveludado Plus; R$ 90,00 
Conj Top Laís Aveludado; R$ 90,00 
Conj Top Lia Canelado; R$ 75,00 
Conj Top Lia Aveludado; R$ 75,00 
Conj Top Liss Aveludado; R$ 75,00 
Conj Top Liss Jacquard; R$ 75,00 
Conj Top Liss Jacquard Plus; R$ 90,00 
Conj Top Liss Suplex; R$ 65,00 
Conj Top Lua Jacquard Zig; R$ 75,00 
Conj Top Luiza Aveludado; R$ 75,00 
Conj Top Luiza Jacquard Ondinha; R$ 75,00 
Conj Top Luiza Jacquard Vulcão; R$ 75,00 
Conj Top Luiza Aveludado Plus; R$ 90,00 
Conj Top Luiza Suplex; R$ 65,00 
Conj Top Marta Aveludado; R$ 75,00 
Conj Top Marta Pratine; R$ 75,00 
Conj Top Marta Suplex; R$ 65,00 
Conj Top Mili Suplex; R$ 65,00 
Conj Top Nanda Jacquard Isla; R$ 90,00 
Conj Top Ranny Aveludado; R$ 75,00 
Conj Top Serena Aveludado; R$ 75,00 
Conj Top Serena Jacquard Chevry; R$ 75,00 
Conj Top Sofia Aveludado; R$ 75,00 
Conj Top Sol Jacquard Chevry; R$ 75,00 
Conj Top Sol Jacquard Zig; R$ 75,00 
Conj Top Sol Suplex; R$ 65,00 
Conj Top Tati Aveludado Plus; R$ 90,00 
Conj Top Tati Suplex; R$ 80,00 
Conj Top Valquíria Aveludado Plus; R$ 90,00 
Conj Top Vitória Jacquard Spot; R$ 75,00 
Conj Top Vivi Jacquard Degrade; R$ 90,00 
Conj Top Juliana Core Bicolor Aveludado; R$ 85,00 
Conj Top Juliana Cruzada Jacquard Felina; R$ 80,00 
Conj Top Juliana Cruzada Jacquard Zig; R$ 75,00 
Conj Top Luara Empina Aveludado; R$ 75,00 
Conj Top Alana Fang Bicolor Aveludado; R$ 95,00 
Conj Top Lívia Laço Aveludado; R$ 75,00 
Conj Top Kátia Move Aveludado; R$ 95,00 
Conj Top Kátia Move Bicolor Aveludado Plus; R$ 105,00 
Conj Top Aline Bicolor Aveludado; R$ 85,00 
Conj Top Camila Recorte Pratine; R$ 80,00 
Conj Top Vênus Recorte Jacquard Zebra ; R$ 85,00 
Macacão Amanda Aveludado; R$ 95,00 
Macaquinho Bruna Aveludado; R$ 80,00 
Macaquinho Manu Jacquard Ondinha; R$ 70,00 
Regata Dryfit; R$ 35,00 
Regata Dryfit Fenda Nas Costas; R$ 35,00 
Regatão Dryfit; R$ 35,00 
Conj Top Renata Short Jacquard Atol; R$ 80,00 
Conj Top Carol Short Bolso Aveludado; R$ 70,00 
Conj Top Carol Short Bolso Pratine; R$ 65,00 
Conj Top Cris Short Bolso Aveludado Plus; R$ 85,00 
Conj Top Jessica Short Bolso Aveludado; R$ 85,00 
Conj Top Si Suplex Short Bolso Suplex; R$ 70,00 
Conj Top Adele Short Bolso Meia-Lua Aveludado; R$ 70,00 
Conj Top Anita Short Bolso Meia-Lua Aveludado; R$ 70,00 
Conj Top Ellen Short Case Aveludado; R$ 70,00 
Conj Top Cris Short Jacquard; R$ 70,00 
Conj Top Kelly Short Aveludado; R$ 80,00 
Conj Top Nath Short Aveludado; R$ 70,00 
Conj Top Sofia Short Jacquard Zig; R$ 65,00 
Conj Top Tati Short Aveludado Plus; R$ 80,00 
Conj Top Meg Short Cruzado Aveludado; R$ 70,00 
Conj Top Kim Short Layer Suplex; R$ 75,00 
Conj Top Bella Short Recorte Suplex; R$ 60,00 
Conj Top Cris Short Recorte Aveludado; R$ 70,00 
Conj Top Isa Short Recorte Pratine; R$ 65,00 
Conj Top Jaqueline Short Recorte Aveludado; R$ 70,00 
Conj Top Lia Short Recorte Aveludado; R$ 70,00 
Conj Top Lia Short Recorte Jacquard Ondinha; R$ 65,00 
Conj Top Malu Short Recorte Aveludado; R$ 70,00 
Conj Top Meg Short Recorte Aveludado; R$ 70,00 
Conj Top Mia Short Recorte Aveludado; R$ 70,00 
Conj Top Si Short Recorte Suplex; R$ 70,00 
Conj Top Mili Short Saia; R$ 65,00 
Conj Top Thaís Short Snip Aveludado; R$ 85,00 
Conj Top Luara Short-Saia Suplex; R$ 75,00 
Conj Top Ranny Bicolor Canelado; R$ 75,00 
Conj Top Liss Suplex Plus; R$ 80,00 
Conj Top Americano Aveludado; R$ 75,00 
Conj Top Juliana Bicolor Aveludado; R$ 90,00 
Regata Tule; R$ 30,00 
Macaquinho Manu Aveludado; R$ 80,00 
Macaquinho Camila Aveludado; R$ 80,00 
Conj Top Kelly Bicolor Aveludado Plus; R$ 105,00 
Conj Top Gabi Short Recorte Aveludado; R$ 70,00 
Conj Top Dora Loop Bicolor Aveludado; R$ 90,00 
Conj Top Venus Recorte Bicolor Aveludado; R$ 90,00 
Conj Top Leticia Short Jenny Bicolor Aveludado; R$ 85,00 
Legging Move Bicolor Aveludado Avulso; R$ 30,00 
Conj Top Cris Short Recorte Jacquard Zebra; R$ 65,00 
Conj Top Si Short Fang Bicolor Aveludado; R$ 85,00 
Conj Top Kim Bicolor Aveludado; R$ 90,00 
Top Carol Aveludado Avulso; R$ 25,00 
Short Bolso Aveludado Avulso; R$ 30,00 
Top Luara Aveludado Avulso; R$ 25,00 
Short Jacquard Felina Avulso; R$ 30,00 
Short Jacquard Atol Avulso; R$ 30,00 
Short Trilobal Avulso; R$ 30,00 
Short Recorte Aveludado Avulso; R$ 30,00 
Top Ranny Aveludado Avulso; R$ 25,00 
Legging Jacquard Vulcão Avulsa; R$ 30,00 
Legging Jacquard Isla Avulsa; R$ 35,00 
Legging Jacquard Canelado Avulsa; R$ 35,00 
Legging Recorte Trilobal Bicolor Avulsa; R$ 30,00 
Legging Trilobal Avulsa; R$ 30,00 
Legging Suplex Avulsa; R$ 30,00 
Legging Laço Aveludado Avulsa; R$ 35,00 
Top Cris Aveludado Avulsa; R$ 25,00 
Top Bella Suplex Avulso; R$ 25,00 
Top Venus Jacquard Zebra Avulso; R$ 25,00 
Top Sol Jacquard Zig Avulso; R$ 25,00 
Top Isa Trilobal Bicolor Avulso; R$ 25,00 
Top Isa Trilobal Avulso; R$ 25,00 
Top Lua Jacquard Zig Avulso; R$ 25,00 
Top Juliana Jacquard Felina Avulso; R$ 25,00 
Top Tati Suplex Plus Avulso; R$ 25,00 
Top Carla Suplex Plus Avulso; R$ 25,00 
Top Carol Suplex Avulso; R$ 25,00 
Top Luara Suplex Avulso; R$ 25,00 
Top Si Suplex Avulso; R$ 25,00 
Top Isa Aveludado Avulso; R$ 25,00 
Top Jaqueline Aveludado Avulso; R$ 25,00 
Top Luiza Aveludado Avulso; R$ 25,00 
Top Marta Aveludado Avulso; R$ 25,00 
Top Lívia Aveludado Avulso; R$ 25,00 
Top Sofia Aveludado Avulso; R$ 25,00 
Top Thais Recorte Aveludado Avulso; R$ 25,00 
Top Jessica Aveludado Avulso; R$ 25,00 
Legging Aveludado Avulso; R$ 35,00 
Top Luiza Suplex Avulsa; R$ 25,00 
Top Andressa Aveludado Avulsa; R$ 25,00 
Conj Top Cris Bicolor Aveludado Plus; R$ 95,00 
Conj Top Luiza Bicolor Aveludado Plus; R$ 95,00 
Conj Top Aline Slim Aveludado; R$ 90,00 
Conj Top Juliete Suplex; R$ 65,00 
Conj Top Luara Short Cross Suplex; R$ 60,00 
Conj Top Lua Suplex; R$ 65,00 
Conj Top Rafa Bicolor Aveludado; R$ 90,00 
Conj Top Kim Short Smart Suplex; R$ 75,00 
Conj Top Liss Jacquard Spot; R$ 75,00 
Conj Top Cris Short Recorte Jacquard Spot; R$ 70,00 
Conj Top Sofia Short Aveludado; R$ 70,00 
Conj Top Kelly Short Aveludado Plus; R$ 80,00 
Conj Top Nath Short Jacquard Zig; R$ 65,00 
Conj Top Americano Recorte Suplex; R$ 80,00 
